segment,total_rwa,capital_amount,watchlist_count
Corporate,1076492.02392,113031.6625116,0
Property,2901870.0283200005,304696.35297360003,1
SME,1839824.8674000003,193181.61107700004,2
Trade Finance,1143385.22025,120055.44812624999,0
