watchlist_population,ead,rwa,capital_amount
Non-watchlist,6115000,4353602.507370001,457128.26327385
Watchlist,3254500,2607969.6325200005,273836.8114146
